date,time,open,high,low,close,volume
2024-03-04,09:30,512.03,512.28,512.02,512.1998,699410
2024-03-04,09:31,512.2,512.26,512.05,512.24,212126
2024-03-04,09:32,512.23,512.3,512.13,512.1401,216552
2024-03-04,09:33,512.18,512.255,512.06,512.13,361787
2024-03-04,09:34,512.14,512.2181,512.04,512.2,187937
2024-03-05,09:30,510.24,510.31,510.08,510.27,541265
2024-03-05,09:31,510.26,510.32,510.125,510.26,237426
2024-03-05,09:32,510.26,510.31,510.03,510.05,280624
2024-03-05,09:33,510.06,510.09,509.815,509.88,283728
2024-03-05,09:34,509.89,509.98,509.76,509.79,217763
2024-03-06,09:30,510.55,510.7813,510.35,510.49,588142
2024-03-06,09:31,510.47,510.77,510.45,510.66,385805
2024-03-06,09:32,510.66,510.74,510.57,510.62,278766
2024-03-06,09:33,510.62,510.8504,510.61,510.74,284322
2024-03-06,09:34,510.7405,510.7405,510.38,510.4,258030
2024-03-07,09:30,513.14,513.32,512.72,512.8301,632354
2024-03-07,09:31,512.83,513.01,512.82,512.98,172232
2024-03-07,09:32,512.95,513.07,512.87,512.98,157896
2024-03-07,09:33,512.99,513.105,512.92,512.935,249314
2024-03-07,09:34,512.94,513.18,512.805,513.175,236237
2024-03-08,09:30,515.46,515.9,515.36,515.64,653454
2024-03-08,09:31,515.62,515.93,515.31,515.85,273819
2024-03-08,09:32,515.84,516.1,515.72,515.82,267007
2024-03-08,09:33,515.82,516.14,515.75,516.08,282489
2024-03-08,09:34,516.1,516.24,515.95,516.14,217735
2024-03-11,09:30,510.48,510.94,510.36,510.895,639648
2024-03-11,09:31,510.89,510.93,510.56,510.61,412286
2024-03-11,09:32,510.66,510.69,510.28,510.58,491006
2024-03-11,09:33,510.58,510.64,510.19,510.31,299882
2024-03-11,09:34,510.28,510.59,510.19,510.22,294012
2024-03-12,09:30,513.45,513.76,513.36,513.58,663611
2024-03-12,09:31,513.59,513.72,513.33,513.59,266411
2024-03-12,09:32,513.57,513.8,513.41,513.465,242692
2024-03-12,09:33,513.47,513.63,513.26,513.47,232235
2024-03-12,09:34,513.465,513.48,512.89,512.93,258374
2024-03-13,09:30,517.11,517.12,516.88,516.98,382129
2024-03-13,09:31,516.97,516.98,516.73,516.76,208468
2024-03-13,09:32,516.75,516.905,516.66,516.74,158832
2024-03-13,09:33,516.75,516.92,516.71,516.8,154740
2024-03-13,09:34,516.79,516.83,516.67,516.67,151132
2024-03-14,09:30,516.97,517.0112,516.75,516.85,416273
2024-03-14,09:31,516.86,516.93,516.71,516.76,192007
2024-03-14,09:32,516.77,516.81,516.58,516.6101,146940
2024-03-14,09:33,516.62,516.69,516.4299,516.43,204934
2024-03-14,09:34,516.43,516.74,516.4,516.68,268793
2024-03-15,09:30,510.21,510.86,510.03,510.63,2373339
2024-03-15,09:31,510.64,510.98,510.48,510.765,777913
2024-03-15,09:32,510.77,511.33,510.69,511.05,672390
2024-03-15,09:33,511.04,511.12,510.67,510.72,481792
2024-03-15,09:34,510.71,511.115,510.62,510.84,394527
2024-03-18,09:30,514.0,514.15,513.26,514.12,789828
2024-03-18,09:31,514.11,514.55,514.1,514.55,484977
2024-03-18,09:32,514.56,514.67,514.5,514.5901,421744
2024-03-18,09:33,514.6,514.73,514.55,514.63,395459
2024-03-18,09:34,514.62,514.7301,514.49,514.71,423124
2024-03-19,09:30,512.15,512.16,511.725,511.78,433062
2024-03-19,09:31,511.78,511.83,511.32,511.471,333711
2024-03-19,09:32,511.46,511.775,511.43,511.67,200492
2024-03-19,09:33,511.69,511.88,511.6,511.8,216065
2024-03-19,09:34,511.79,512.015,511.66,511.77,194163
2024-03-20,09:30,515.77,515.99,515.68,515.83,387989
2024-03-20,09:31,515.83,515.93,515.6188,515.72,171304
2024-03-20,09:32,515.73,515.74,515.525,515.695,188415
2024-03-20,09:33,515.7,515.79,515.61,515.79,160087
2024-03-20,09:34,515.78,515.78,515.48,515.51,108140
2024-03-21,09:30,523.39,523.5,523.0824,523.085,660846
2024-03-21,09:31,523.09,523.17,522.995,523.06,225871
2024-03-21,09:32,523.059,523.15,523.03,523.1,200730
2024-03-21,09:33,523.09,523.15,522.9513,522.9813,199659
2024-03-21,09:34,522.98,523.06,522.92,523.02,169574
2024-03-22,09:30,522.11,522.25,522.03,522.07,342009
2024-03-22,09:31,522.085,522.38,522.04,522.369,199948
2024-03-22,09:32,522.36,522.36,521.9399,521.99,229433
2024-03-22,09:33,522.0,522.0,521.8001,521.9,199622
2024-03-22,09:34,521.91,522.05,521.76,521.96,119526
2024-03-25,09:30,519.8,520.025,519.695,519.97,396965
2024-03-25,09:31,519.97,520.1199,519.8999,520.105,142252
2024-03-25,09:32,520.1112,520.23,520.09,520.17,205138
2024-03-25,09:33,520.18,520.36,520.17,520.23,201813
2024-03-25,09:34,520.24,520.33,520.17,520.25,174791
2024-03-26,09:30,521.23,521.26,520.92,521.01,329200
2024-03-26,09:31,521.03,521.11,520.88,521.07,186082
2024-03-26,09:32,521.05,521.32,521.04,521.22,144430
2024-03-26,09:33,521.23,521.36,521.15,521.2896,120104
2024-03-26,09:34,521.3,521.44,521.27,521.36,95387
2024-03-27,09:30,521.71,521.78,521.4,521.52,808116
2024-03-27,09:31,521.52,521.65,521.5,521.58,167799
2024-03-27,09:32,521.56,521.58,521.41,521.45,250283
2024-03-27,09:33,521.45,521.5,521.35,521.455,203997
2024-03-27,09:34,521.45,521.56,521.39,521.45,162112
2024-03-28,09:30,523.21,523.27,522.96,523.06,410175
2024-03-28,09:31,523.07,523.11,522.86,522.94,165535
2024-03-28,09:32,522.925,522.95,522.85,522.9399,192829
2024-03-28,09:33,522.94,522.98,522.84,522.905,118783
2024-03-28,09:34,522.91,523.02,522.9,523.01,104874
2024-04-01,09:30,523.83,523.84,523.5509,523.59,632019
2024-04-01,09:31,523.58,523.63,523.45,523.61,253606
2024-04-01,09:32,523.61,523.86,523.59,523.86,175839
2024-04-01,09:33,523.86,524.0,523.81,523.91,184522
2024-04-01,09:34,523.9,524.11,523.89,524.0113,174303
2024-04-02,09:30,518.24,518.46,518.08,518.42,890239
2024-04-02,09:31,518.42,518.42,518.11,518.27,365130
2024-04-02,09:32,518.2701,518.32,518.16,518.185,565385
2024-04-02,09:33,518.19,518.2203,517.95,517.98,264640
2024-04-02,09:34,517.98,518.08,517.89,517.95,587814
2024-04-03,09:30,517.72,518.02,517.665,517.735,496031
2024-04-03,09:31,517.75,518.03,517.72,518.015,250939
2024-04-03,09:32,518.02,518.34,517.98,518.24,172458
2024-04-03,09:33,518.23,518.26,518.02,518.12,201782
2024-04-03,09:34,518.135,518.3003,518.12,518.21,143092
2024-04-04,09:30,523.52,523.7,523.31,523.32,1160012
2024-04-04,09:31,523.31,523.42,523.22,523.2796,355346
2024-04-04,09:32,523.27,523.38,523.23,523.25,501276
2024-04-04,09:33,523.26,523.38,523.24,523.37,423749
2024-04-04,09:34,523.38,523.5399,523.37,523.53,216072
2024-04-05,09:30,514.46,514.54,514.01,514.36,711614
2024-04-05,09:31,514.36,514.81,514.24,514.8099,300072
2024-04-05,09:32,514.81,515.18,514.745,514.88,395113
2024-04-05,09:33,514.88,514.9199,514.54,514.75,246500
2024-04-05,09:34,514.76,514.88,514.67,514.788,316232
2024-04-08,09:30,519.15,519.38,518.985,519.03,523535
2024-04-08,09:31,519.03,519.37,518.93,519.34,252941
2024-04-08,09:32,519.34,519.39,519.05,519.125,150448
2024-04-08,09:33,519.15,519.27,519.01,519.03,167304
2024-04-08,09:34,519.07,519.23,518.91,518.965,136833
2024-04-09,09:30,520.5,520.62,520.33,520.33,801016
2024-04-09,09:31,520.31,520.51,520.2799,520.45,199517
2024-04-09,09:32,520.44,520.7296,520.41,520.71,196415
2024-04-09,09:33,520.71,520.75,520.23,520.3,187019
2024-04-09,09:34,520.3,520.3399,520.04,520.06,201817
2024-04-10,09:30,513.48,513.61,513.18,513.28,646119
2024-04-10,09:31,513.27,513.27,512.76,512.91,537554
2024-04-10,09:32,512.91,513.66,512.86,513.64,375498
2024-04-10,09:33,513.63,513.63,513.14,513.2399,342086
2024-04-10,09:34,513.22,513.3899,512.94,513.3899,355749
2024-04-11,09:30,515.68,515.87,515.2,515.5,665967
2024-04-11,09:31,515.51,515.61,515.0,515.07,232058
2024-04-11,09:32,515.07,515.1701,514.88,515.03,289039
2024-04-11,09:33,515.04,515.1,514.82,515.06,215289
2024-04-11,09:34,515.07,515.4,515.04,515.39,385648
2024-04-12,09:30,514.37,514.5699,514.27,514.55,754394
2024-04-12,09:31,514.55,514.831,514.08,514.831,367175
2024-04-12,09:32,514.835,515.28,514.62,515.24,405225
2024-04-12,09:33,515.25,515.28,514.97,514.9799,301920
2024-04-12,09:34,514.98,515.07,514.84,514.98,241626
2024-04-15,09:30,515.13,515.3,514.59,514.7,1668297
2024-04-15,09:31,514.7,515.04,514.65,514.71,375795
2024-04-15,09:32,514.685,514.88,514.62,514.78,255372
2024-04-15,09:33,514.77,514.84,514.46,514.4793,342915
2024-04-15,09:34,514.48,514.65,514.34,514.4,334865
2024-04-16,09:30,504.94,505.01,504.56,504.84,819898
2024-04-16,09:31,504.85,504.91,504.62,504.66,243998
2024-04-16,09:32,504.66,505.12,504.66,504.9999,358455
2024-04-16,09:33,504.99,505.08,504.57,504.89,247198
2024-04-16,09:34,504.88,505.2,504.83,505.08,371544
2024-04-17,09:30,506.05,506.12,505.46,505.66,1078857
2024-04-17,09:31,505.65,505.93,505.4501,505.92,222387
2024-04-17,09:32,505.92,505.92,505.6152,505.86,250797
2024-04-17,09:33,505.855,506.06,505.65,505.96,188866
2024-04-17,09:34,505.96,505.9601,505.55,505.555,201126
2024-04-18,09:30,501.98,502.08,501.57,502.02,1185123
2024-04-18,09:31,502.02,502.05,501.65,501.7117,181157
2024-04-18,09:32,501.7,501.7012,501.375,501.56,163832
2024-04-18,09:33,501.57,501.62,501.1721,501.28,165211
2024-04-18,09:34,501.28,501.4,501.09,501.095,135352
2024-04-19,09:30,499.44,499.44,498.925,498.935,596076
2024-04-19,09:31,498.94,499.28,498.6899,499.2699,258911
2024-04-19,09:32,499.265,499.54,499.02,499.51,372511
2024-04-19,09:33,499.52,499.73,499.24,499.69,207654
2024-04-19,09:34,499.68,499.73,499.28,499.33,175570
2024-04-22,09:30,497.83,498.07,497.52,497.6939,1190608
2024-04-22,09:31,497.7,497.71,497.19,497.21,215969
2024-04-22,09:32,497.2,497.7,497.1501,497.5,322006
2024-04-22,09:33,497.51,497.82,497.3601,497.79,241205
2024-04-22,09:34,497.78,497.79,497.2,497.22,188971
2024-04-23,09:30,501.78,501.92,501.4,501.44,978272
2024-04-23,09:31,501.47,501.8,501.39,501.69,225486
2024-04-23,09:32,501.68,501.86,501.66,501.75,175504
2024-04-23,09:33,501.75,501.795,501.54,501.59,125777
2024-04-23,09:34,501.57,501.58,501.225,501.4,203321
2024-04-24,09:30,506.56,506.83,506.34,506.34,1057951
2024-04-24,09:31,506.34,506.47,506.16,506.2,330274
2024-04-24,09:32,506.225,506.28,505.93,506.05,251460
2024-04-24,09:33,506.04,506.23,505.94,506.08,149708
2024-04-24,09:34,506.07,506.35,506.07,506.34,157264
2024-04-25,09:30,499.18,499.32,498.91,499.25,771240
2024-04-25,09:31,499.24,499.33,499.02,499.18,506574
2024-04-25,09:32,499.18,499.2,498.69,498.8,521569
2024-04-25,09:33,498.79,498.85,498.625,498.71,592615
2024-04-25,09:34,498.7,498.8,498.44,498.47,337882
2024-04-26,09:30,506.35,506.48,505.97,506.18,1073650
2024-04-26,09:31,506.17,506.27,505.83,505.97,213015
2024-04-26,09:32,505.98,506.0,505.7,505.85,246087
2024-04-26,09:33,505.86,506.56,505.83,506.42,280938
2024-04-26,09:34,506.43,506.74,506.38,506.73,272788
2024-04-29,09:30,510.09,510.28,509.94,510.11,919489
2024-04-29,09:31,510.1,510.45,510.07,510.4206,298385
2024-04-29,09:32,510.43,510.68,510.37,510.62,327318
2024-04-29,09:33,510.63,510.75,510.57,510.63,180686
2024-04-29,09:34,510.64,510.7,510.585,510.68,137549
2024-04-30,09:30,508.56,508.77,508.25,508.32,489731
2024-04-30,09:31,508.32,508.43,508.2,508.24,183202
2024-04-30,09:32,508.24,508.5,508.2,508.4,145378
2024-04-30,09:33,508.4,508.5,508.2,508.4501,127190
2024-04-30,09:34,508.48,508.82,508.48,508.77,120862
2024-05-01,09:30,501.38,501.71,501.16,501.6118,544998
2024-05-01,09:31,501.62,501.62,501.26,501.33,488026
2024-05-01,09:32,501.31,501.66,501.26,501.6,166607
2024-05-01,09:33,501.61,501.65,501.34,501.52,199129
2024-05-01,09:34,501.53,501.75,501.461,501.7,128457
2024-05-02,09:30,504.15,504.68,503.98,504.14,911443
2024-05-02,09:31,504.13,504.21,503.66,503.76,358846
2024-05-02,09:32,503.765,503.91,503.67,503.83,173664
2024-05-02,09:33,503.85,503.98,503.5389,503.54,240010
2024-05-02,09:34,503.56,503.62,503.09,503.09,355211
2024-05-03,09:30,511.16,511.39,510.68,511.24,1355543
2024-05-03,09:31,511.24,511.3789,510.78,510.9,488183
2024-05-03,09:32,510.89,510.9,510.39,510.39,362299
2024-05-03,09:33,510.4,510.53,510.14,510.37,299817
2024-05-03,09:34,510.39,510.46,510.1699,510.175,254235
2024-05-06,09:30,513.75,513.79,513.41,513.42,869940
2024-05-06,09:31,513.42,513.56,513.37,513.45,222440
2024-05-06,09:32,513.45,513.605,513.3,513.4,240411
2024-05-06,09:33,513.41,513.52,513.37,513.49,243882
2024-05-06,09:34,513.5,513.64,513.44,513.61,177570
2024-05-07,09:30,517.56,517.59,517.33,517.41,485564
2024-05-07,09:31,517.43,517.9299,517.39,517.9,333627
2024-05-07,09:32,517.89,517.92,517.77,517.79,243396
2024-05-07,09:33,517.79,517.93,517.77,517.82,189755
2024-05-07,09:34,517.83,517.88,517.67,517.7488,119053
2024-05-08,09:30,515.26,515.64,515.14,515.64,421845
2024-05-08,09:31,515.63,515.775,515.5,515.72,257815
2024-05-08,09:32,515.72,515.76,515.43,515.47,167681
2024-05-08,09:33,515.49,515.51,515.355,515.42,134581
2024-05-08,09:34,515.42,515.69,515.295,515.5984,137691
2024-05-09,09:30,517.38,517.77,517.34,517.75,472130
2024-05-09,09:31,517.75,517.76,517.42,517.56,128798
2024-05-09,09:32,517.5601,517.71,517.52,517.6,167453
2024-05-09,09:33,517.6,517.6,517.41,517.51,99644
2024-05-09,09:34,517.53,517.765,517.52,517.6,83189
2024-05-10,09:30,521.81,521.82,521.36,521.37,853155
2024-05-10,09:31,521.37,521.7403,521.36,521.66,217005
2024-05-10,09:32,521.67,521.95,521.66,521.8199,279782
2024-05-10,09:33,521.81,521.93,521.77,521.875,130180
2024-05-10,09:34,521.88,522.135,521.88,522.12,176803
2024-05-13,09:30,522.56,522.67,522.3,522.4,973131
2024-05-13,09:31,522.41,522.46,522.32,522.385,130781
2024-05-13,09:32,522.38,522.4,522.16,522.22,130106
2024-05-13,09:33,522.21,522.21,522.08,522.12,83539
2024-05-13,09:34,522.13,522.13,521.825,521.83,134495
2024-05-14,09:30,521.11,521.355,521.01,521.31,543876
2024-05-14,09:31,521.3,521.43,521.19,521.37,177923
2024-05-14,09:32,521.38,521.43,521.24,521.275,236149
2024-05-14,09:33,521.27,521.29,521.06,521.075,156538
2024-05-14,09:34,521.07,521.18,521.0,521.06,135541
2024-05-15,09:30,525.83,526.01,525.71,525.99,609127
2024-05-15,09:31,525.99,526.2,525.95,526.07,207838
2024-05-15,09:32,526.08,526.37,526.07,526.315,284681
2024-05-15,09:33,526.32,526.53,526.26,526.42,225920
2024-05-15,09:34,526.42,526.46,526.26,526.45,201737
2024-05-16,09:30,529.88,530.24,529.86,530.12,422017
2024-05-16,09:31,530.14,530.24,529.99,530.13,158090
2024-05-16,09:32,530.15,530.21,530.06,530.06,142298
2024-05-16,09:33,530.07,530.23,530.045,530.09,184946
2024-05-16,09:34,530.08,530.19,530.01,530.1,147179
2024-05-17,09:30,528.81,529.2,528.75,529.13,655613
2024-05-17,09:31,529.13,529.18,528.91,528.94,248035
2024-05-17,09:32,528.91,529.01,528.87,528.98,154465
2024-05-17,09:33,528.97,529.0101,528.8,528.81,214019
2024-05-17,09:34,528.8,528.84,528.67,528.76,162456
2024-05-20,09:30,529.57,529.72,529.47,529.7,351110
2024-05-20,09:31,529.69,529.82,529.65,529.81,111678
2024-05-20,09:32,529.82,529.98,529.82,529.945,177282
2024-05-20,09:33,529.95,529.9955,529.89,529.93,123466
2024-05-20,09:34,529.93,530.12,529.93,530.11,125949
2024-05-21,09:30,529.28,529.4,529.13,529.2,348720
2024-05-21,09:31,529.21,529.3631,529.07,529.11,187812
2024-05-21,09:32,529.17,529.5,529.16,529.43,130662
2024-05-21,09:33,529.42,529.49,529.3409,529.45,107372
2024-05-21,09:34,529.47,529.605,529.43,529.52,72804
2024-05-22,09:30,530.65,530.85,530.625,530.8,408762
2024-05-22,09:31,530.78,530.87,530.6819,530.7,80213
2024-05-22,09:32,530.71,530.89,530.68,530.8279,56446
2024-05-22,09:33,530.83,530.9304,530.82,530.91,66239
2024-05-22,09:34,530.89,530.92,530.83,530.89,60717
2024-05-23,09:30,532.96,533.07,532.53,532.53,1025496
2024-05-23,09:31,532.56,532.57,532.22,532.27,297031
2024-05-23,09:32,532.24,532.26,532.0,532.12,241073
2024-05-23,09:33,532.11,532.17,531.82,531.93,244742
2024-05-23,09:34,531.91,532.0,531.81,531.86,240284
2024-05-24,09:30,527.85,527.93,527.28,527.68,1101471
2024-05-24,09:31,527.67,527.84,527.58,527.78,199630
2024-05-24,09:32,527.78,527.815,527.58,527.71,126716
2024-05-24,09:33,527.7,527.73,527.4,527.63,153244
2024-05-24,09:34,527.635,527.98,527.52,527.935,188949
2024-05-28,09:30,530.27,530.405,530.1,530.19,481681
2024-05-28,09:31,530.19,530.49,530.19,530.4507,175865
2024-05-28,09:32,530.46,530.51,530.21,530.2499,101205
2024-05-28,09:33,530.26,530.29,530.1,530.24,157755
2024-05-28,09:34,530.25,530.465,530.22,530.36,166938
2024-05-29,09:30,525.68,525.99,525.6,525.98,498155
2024-05-29,09:31,525.98,526.02,525.79,525.79,189566
2024-05-29,09:32,525.79,525.85,525.63,525.78,155114
2024-05-29,09:33,525.79,525.815,525.544,525.55,170776
2024-05-29,09:34,525.56,525.67,525.46,525.615,195815
2024-05-30,09:30,524.52,524.52,524.21,524.44,381025
2024-05-30,09:31,524.43,524.71,524.42,524.68,178819
2024-05-30,09:32,524.67,524.8287,524.56,524.8,234170
2024-05-30,09:33,524.79,524.99,524.67,524.675,183989
2024-05-30,09:34,524.68,524.77,524.365,524.42,175660
2024-05-31,09:30,523.59,523.95,523.54,523.72,478522
2024-05-31,09:31,523.69,523.7,523.481,523.6628,176402
2024-05-31,09:32,523.65,523.695,523.41,523.49,112977
2024-05-31,09:33,523.47,523.66,523.36,523.4301,163306
2024-05-31,09:34,523.43,523.65,523.4,523.5311,101278
2024-06-03,09:30,529.02,529.16,528.7,528.7383,998324
2024-06-03,09:31,528.72,528.835,528.62,528.73,340574
2024-06-03,09:32,528.73,528.895,528.65,528.77,189044
2024-06-03,09:33,528.79,528.81,528.68,528.79,153404
2024-06-03,09:34,528.79,528.8,528.67,528.75,149258
2024-06-04,09:30,526.46,526.78,526.46,526.51,309576
2024-06-04,09:31,526.5,526.5325,526.28,526.35,136598
2024-06-04,09:32,526.355,526.42,526.22,526.42,112912
2024-06-04,09:33,526.42,526.46,526.095,526.095,95107
2024-06-04,09:34,526.1,526.1,525.77,525.84,187784
2024-06-05,09:30,530.77,530.82,530.23,530.28,946383
2024-06-05,09:31,530.28,530.43,530.13,530.3701,312172
2024-06-05,09:32,530.39,530.49,530.31,530.32,110005
2024-06-05,09:33,530.32,530.32,530.11,530.21,165570
2024-06-05,09:34,530.22,530.36,530.17,530.3,217316
2024-06-06,09:30,534.98,535.0,534.74,534.86,430444
2024-06-06,09:31,534.88,534.91,534.74,534.83,165612
2024-06-06,09:32,534.85,534.9341,534.76,534.91,137720
2024-06-06,09:33,534.91,534.94,534.67,534.91,227532
2024-06-06,09:34,534.92,535.08,534.79,534.905,184665
2024-06-07,09:30,533.66,533.7,532.76,532.92,307458
2024-06-07,09:31,532.93,533.13,532.729,533.12,166544
2024-06-07,09:32,533.09,533.18,532.83,532.99,67188
2024-06-07,09:33,532.96,533.07,532.82,532.87,73190
2024-06-07,09:34,532.86,532.93,532.535,532.59,174871
2024-06-10,09:30,533.18,533.27,533.04,533.095,386217
2024-06-10,09:31,533.1,533.19,532.8146,532.91,206928
2024-06-10,09:32,532.9,533.02,532.8,532.97,131997
2024-06-10,09:33,533.005,533.01,532.73,532.85,110521
2024-06-10,09:34,532.88,533.06,532.83,533.0299,158743
2024-06-11,09:30,534.07,534.1,533.72,533.755,452332
2024-06-11,09:31,533.76,533.825,533.38,533.4456,204363
2024-06-11,09:32,533.42,533.74,533.39,533.4915,96863
2024-06-11,09:33,533.5,533.6295,533.42,533.6295,110886
2024-06-11,09:34,533.63,533.74,533.57,533.59,144830
2024-06-12,09:30,541.63,541.76,541.21,541.35,796379
2024-06-12,09:31,541.34,541.71,541.34,541.65,524719
2024-06-12,09:32,541.631,541.71,541.42,541.44,299888
2024-06-12,09:33,541.45,541.5,541.27,541.3,257388
2024-06-12,09:34,541.3,541.38,541.245,541.33,149917
2024-06-13,09:30,543.15,543.19,542.75,542.82,877036
2024-06-13,09:31,542.83,542.89,542.67,542.69,212388
2024-06-13,09:32,542.68,542.775,542.57,542.71,124049
2024-06-13,09:33,542.72,542.72,542.56,542.565,156339
2024-06-13,09:34,542.58,542.59,542.39,542.47,125654
2024-06-14,09:30,540.88,541.07,540.7449,540.85,428222
2024-06-14,09:31,540.87,540.95,540.665,540.95,127625
2024-06-14,09:32,540.96,541.05,540.75,540.75,129003
2024-06-14,09:33,540.75,541.05,540.75,541.02,117011
2024-06-14,09:34,541.03,541.18,540.96,541.18,87927
2024-06-17,09:30,542.08,542.13,541.87,541.91,305528
2024-06-17,09:31,541.9,542.02,541.9,542.0,110685
2024-06-17,09:32,542.0,542.0,541.76,541.83,151166
2024-06-17,09:33,541.83,542.01,541.7,541.9987,102661
2024-06-17,09:34,542.01,542.28,541.9901,542.25,184556
2024-06-18,09:30,547.16,547.39,547.11,547.34,269546
2024-06-18,09:31,547.36,547.37,547.22,547.34,159817
2024-06-18,09:32,547.3599,547.5,547.33,547.49,108628
2024-06-18,09:33,547.5,547.62,547.44,547.5499,192768
2024-06-18,09:34,547.55,547.81,547.55,547.81,111981
2024-06-20,09:30,549.44,549.48,549.15,549.22,439347
2024-06-20,09:31,549.21,549.22,548.87,548.905,407594
2024-06-20,09:32,548.9006,549.04,548.81,548.94,125074
2024-06-20,09:33,548.95,549.05,548.89,549.01,107049
2024-06-20,09:34,549.02,549.1,548.9401,548.98,84655
2024-06-21,09:30,544.4,544.5513,544.015,544.21,796231
2024-06-21,09:31,544.22,544.49,544.02,544.46,195928
2024-06-21,09:32,544.44,544.72,544.37,544.61,181280
2024-06-21,09:33,544.61,544.63,544.28,544.28,127631
2024-06-21,09:34,544.28,544.69,544.28,544.67,136728
2024-06-24,09:30,544.33,544.42,544.125,544.24,516828
2024-06-24,09:31,544.25,544.47,544.2,544.2481,206647
2024-06-24,09:32,544.25,544.46,544.13,544.35,138294
2024-06-24,09:33,544.36,544.43,544.255,544.33,98872
2024-06-24,09:34,544.33,544.45,544.3,544.32,193605
2024-06-25,09:30,543.99,544.07,543.4,543.79,719567
2024-06-25,09:31,543.78,543.81,543.47,543.53,102056
2024-06-25,09:32,543.52,543.66,543.46,543.5099,161728
2024-06-25,09:33,543.49,543.64,543.39,543.49,138237
2024-06-25,09:34,543.5,543.71,543.49,543.53,150742
2024-06-26,09:30,543.69,543.75,543.48,543.48,327820
2024-06-26,09:31,543.48,543.5,543.24,543.28,186056
2024-06-26,09:32,543.29,543.52,543.17,543.48,160278
2024-06-26,09:33,543.5,543.58,543.36,543.56,134955
2024-06-26,09:34,543.57,543.68,543.49,543.675,124233
2024-06-27,09:30,545.37,545.64,545.37,545.64,217451
2024-06-27,09:31,545.65,545.6765,545.46,545.49,101876
2024-06-27,09:32,545.46,545.67,545.43,545.58,104362
2024-06-27,09:33,545.57,545.98,545.5301,545.972,96139
2024-06-27,09:34,545.96,546.0,545.88,545.91,75774
2024-06-28,09:30,547.16,547.24,546.69,546.71,574358
2024-06-28,09:31,546.73,546.9,546.67,546.8799,83135
2024-06-28,09:32,546.87,547.16,546.85,547.15,139203
2024-06-28,09:33,547.16,547.47,547.14,547.32,317746
2024-06-28,09:34,547.33,547.47,547.32,547.45,76286
2024-07-01,09:30,545.63,545.65,545.19,545.505,1012387
2024-07-01,09:31,545.51,545.8599,545.51,545.8,200171
2024-07-01,09:32,545.8,545.83,545.52,545.58,127010
2024-07-01,09:33,545.57,545.69,545.55,545.62,93041
2024-07-01,09:34,545.62,545.6495,545.44,545.5,102503
2024-07-02,09:30,543.7,543.88,543.65,543.8,444134
2024-07-02,09:31,543.82,544.14,543.78,544.08,167466
2024-07-02,09:32,544.0789,544.5217,544.06,544.4,167060
2024-07-02,09:33,544.41,544.69,544.41,544.56,143475
2024-07-02,09:34,544.56,544.6696,544.46,544.63,132789
2024-07-03,09:30,548.69,549.1699,548.65,549.14,381481
2024-07-03,09:31,549.16,549.32,549.13,549.29,257910
2024-07-03,09:32,549.29,549.39,549.075,549.358,94221
2024-07-03,09:33,549.36,549.38,549.19,549.29,77153
2024-07-03,09:34,549.29,549.44,549.29,549.33,78711
2024-07-05,09:30,551.77,551.81,551.6,551.73,421725
2024-07-05,09:31,551.73,551.87,551.65,551.865,216965
2024-07-05,09:32,551.86,551.88,551.68,551.72,87307
2024-07-05,09:33,551.73,551.78,551.56,551.7,143403
2024-07-05,09:34,551.715,551.98,551.7032,551.98,135254
2024-07-08,09:30,555.44,555.66,555.29,555.64,355706
2024-07-08,09:31,555.63,555.74,555.566,555.61,298222
2024-07-08,09:32,555.6,556.07,555.56,555.98,335032
2024-07-08,09:33,555.97,556.1085,555.89,555.975,154092
2024-07-08,09:34,555.98,556.01,555.88,555.9,114393
2024-07-09,09:30,556.26,556.37,556.19,556.29,352257
2024-07-09,09:31,556.29,556.29,556.11,556.11,89732
2024-07-09,09:32,556.13,556.46,556.13,556.43,87859
2024-07-09,09:33,556.44,556.54,556.36,556.47,146053
2024-07-09,09:34,556.46,556.65,556.39,556.63,92441
2024-07-10,09:30,557.07,557.3,557.05,557.28,413968
2024-07-10,09:31,557.27,557.32,557.11,557.1362,179841
2024-07-10,09:32,557.13,557.15,556.932,556.96,255429
2024-07-10,09:33,556.95,557.0911,556.9201,557.0911,83930
2024-07-10,09:34,557.11,557.115,556.9109,557.021,98103
2024-07-11,09:30,561.44,561.67,561.43,561.56,525532
2024-07-11,09:31,561.56,561.71,561.44,561.665,232138
2024-07-11,09:32,561.68,561.76,561.44,561.4429,90876
2024-07-11,09:33,561.45,561.72,561.26,561.44,208707
2024-07-11,09:34,561.45,561.56,561.3,561.5001,125866
2024-07-12,09:30,557.63,557.69,557.15,557.63,1018176
2024-07-12,09:31,557.62,557.97,557.59,557.78,184874
2024-07-12,09:32,557.81,557.93,557.7,557.7005,148235
2024-07-12,09:33,557.7,557.75,557.3,557.6203,234892
2024-07-12,09:34,557.61,557.7799,557.43,557.55,124182
2024-07-15,09:30,562.03,562.23,561.97,562.11,667247
2024-07-15,09:31,562.12,562.17,561.92,562.1,190493
2024-07-15,09:32,562.095,562.17,561.99,562.04,123001
2024-07-15,09:33,562.03,562.26,561.9701,562.225,156429
2024-07-15,09:34,562.22,562.32,562.17,562.29,137308
2024-07-16,09:30,562.865,562.99,562.745,562.92,317658
2024-07-16,09:31,562.91,563.06,562.85,563.0,120838
2024-07-16,09:32,563.02,563.22,562.96,563.01,110134
2024-07-16,09:33,563.0,563.04,562.74,562.94,129041
2024-07-16,09:34,562.94,563.32,562.93,563.269,132562
2024-07-17,09:30,558.8,559.38,558.8,559.28,617531
2024-07-17,09:31,559.3,559.54,559.26,559.42,367417
2024-07-17,09:32,559.425,559.5,559.27,559.41,240048
2024-07-17,09:33,559.42,559.62,559.34,559.56,369112
2024-07-17,09:34,559.57,559.83,559.51,559.7,222710
2024-07-18,09:30,558.51,558.64,558.11,558.14,1006486
2024-07-18,09:31,558.14,558.1804,558.01,558.1599,158361
2024-07-18,09:32,558.155,558.26,558.04,558.19,106308
2024-07-18,09:33,558.19,558.33,558.14,558.33,170802
2024-07-18,09:34,558.32,558.34,558.1405,558.18,107238
2024-07-19,09:30,552.42,552.89,552.3,552.36,432167
2024-07-19,09:31,552.34,552.46,551.97,552.02,183833
2024-07-19,09:32,551.99,552.17,551.88,552.1,157008
2024-07-19,09:33,552.04,552.135,551.8,552.13,133342
2024-07-19,09:34,552.11,552.5695,552.09,552.4,153807
2024-07-22,09:30,553.0,553.06,552.32,552.33,1140613
2024-07-22,09:31,552.33,552.5395,552.28,552.295,124755
2024-07-22,09:32,552.3,552.47,552.275,552.4,155679
2024-07-22,09:33,552.39,552.6,552.35,552.445,141738
2024-07-22,09:34,552.44,552.79,552.39,552.75,131684
2024-07-23,09:30,554.54,554.93,554.5,554.5599,333918
2024-07-23,09:31,554.56,554.73,554.34,554.34,76213
2024-07-23,09:32,554.34,554.4299,554.15,554.19,102408
2024-07-23,09:33,554.18,554.49,554.13,554.39,72550
2024-07-23,09:34,554.39,554.71,554.33,554.66,67302
2024-07-24,09:30,548.86,549.11,548.65,549.01,551421
2024-07-24,09:31,549.01,549.17,548.91,549.07,164849
2024-07-24,09:32,549.0701,549.13,548.74,548.75,209979
2024-07-24,09:33,548.76,548.78,548.49,548.58,170800
2024-07-24,09:34,548.58,548.58,548.07,548.2391,403334
2024-07-25,09:30,541.35,541.59,541.15,541.2,437664
2024-07-25,09:31,541.2,541.62,541.05,541.08,178947
2024-07-25,09:32,541.08,541.32,540.96,541.14,185546
2024-07-25,09:33,541.12,541.14,540.65,540.7,160762
2024-07-25,09:34,540.66,540.91,540.585,540.805,190697
2024-07-26,09:30,542.28,542.43,541.49,541.69,1308089
2024-07-26,09:31,541.67,541.81,541.52,541.56,129351
2024-07-26,09:32,541.5423,542.28,541.54,542.2199,174134
2024-07-26,09:33,542.2,542.4095,542.035,542.16,127340
2024-07-26,09:34,542.12,542.21,541.84,541.97,181279
2024-07-29,09:30,546.02,546.25,545.34,545.3468,1084023
2024-07-29,09:31,545.35,545.37,544.92,544.935,154109
2024-07-29,09:32,544.92,545.31,544.79,545.245,174076
2024-07-29,09:33,545.25,545.44,544.99,545.11,139381
2024-07-29,09:34,545.09,545.38,544.94,544.99,197509
2024-07-30,09:30,546.26,546.43,545.87,546.045,1088356
2024-07-30,09:31,546.05,546.63,546.05,546.56,126019
2024-07-30,09:32,546.55,546.62,546.3955,546.49,91860
2024-07-30,09:33,546.5,546.69,546.43,546.54,115969
2024-07-30,09:34,546.51,546.57,546.3,546.41,145155
2024-07-31,09:30,548.98,549.26,548.52,548.55,1132004
2024-07-31,09:31,548.56,548.62,548.34,548.38,355469
2024-07-31,09:32,548.37,548.56,548.26,548.39,307898
2024-07-31,09:33,548.4,548.62,548.34,548.39,351679
2024-07-31,09:34,548.38,548.49,547.97,547.98,228515
2024-08-01,09:30,552.57,552.92,552.32,552.86,861954
2024-08-01,09:31,552.86,553.14,552.7,553.12,295157
2024-08-01,09:32,553.115,553.2,552.66,553.1411,192446
2024-08-01,09:33,553.15,553.36,553.12,553.24,130194
2024-08-01,09:34,553.245,553.58,553.23,553.49,134902
2024-08-02,09:30,535.75,535.83,535.0,535.59,1182684
2024-08-02,09:31,535.63,535.7,534.71,535.15,300314
2024-08-02,09:32,535.14,535.48,534.97,535.12,243553
2024-08-02,09:33,535.11,535.37,534.42,534.42,270132
2024-08-02,09:34,534.42,534.52,534.01,534.05,325585
2024-08-05,09:30,511.64,511.77,510.27,510.87,3013746
2024-08-05,09:31,510.89,511.73,510.68,511.73,1128753
2024-08-05,09:32,511.71,512.1,511.14,511.17,573943
2024-08-05,09:33,511.17,512.9299,511.15,512.9,659333
2024-08-05,09:34,512.89,513.37,512.22,512.23,799888
2024-08-06,09:30,519.22,519.77,518.7,519.39,1666587
2024-08-06,09:31,519.39,519.5,518.93,519.28,249552
2024-08-06,09:32,519.25,520.54,519.2101,520.1699,448316
2024-08-06,09:33,520.18,520.49,519.685,520.045,382941
2024-08-06,09:34,520.05,520.11,519.32,519.46,231060
2024-08-07,09:30,528.47,528.61,527.94,528.58,961888
2024-08-07,09:31,528.58,528.9,528.36,528.74,285922
2024-08-07,09:32,528.8,529.16,528.54,528.56,264516
2024-08-07,09:33,528.54,528.7,528.29,528.49,291814
2024-08-07,09:34,528.49,528.76,528.32,528.76,213498
2024-08-08,09:30,523.91,524.34,523.19,524.1692,1402162
2024-08-08,09:31,524.14,524.22,523.53,523.77,308297
2024-08-08,09:32,523.75,523.94,523.35,523.53,231845
2024-08-08,09:33,523.51,523.69,523.17,523.6,222090
2024-08-08,09:34,523.59,524.04,523.56,523.94,165147
2024-08-09,09:30,529.81,530.16,529.66,529.71,543493
2024-08-09,09:31,529.71,530.2795,529.6,530.19,176160
2024-08-09,09:32,530.2,530.42,529.9,530.2299,166602
2024-08-09,09:33,530.23,530.23,529.545,529.65,261007
2024-08-09,09:34,529.69,530.05,529.47,530.05,162628
2024-08-12,09:30,534.21,534.48,534.0,534.41,963278
2024-08-12,09:31,534.42,534.42,534.0,534.06,273348
2024-08-12,09:32,534.11,534.42,534.05,534.345,188697
2024-08-12,09:33,534.33,534.36,533.99,534.0888,134056
2024-08-12,09:34,534.08,534.31,533.97,534.31,158412
2024-08-13,09:30,536.53,536.88,536.28,536.82,911380
2024-08-13,09:31,536.81,536.95,536.62,536.87,207314
2024-08-13,09:32,536.86,537.36,536.86,537.15,205873
2024-08-13,09:33,537.19,537.46,537.1305,537.42,200676
2024-08-13,09:34,537.445,537.69,537.29,537.4075,171270
2024-08-14,09:30,542.85,543.15,542.62,543.14,592490
2024-08-14,09:31,543.12,543.27,543.0,543.05,307517
2024-08-14,09:32,543.11,543.15,542.86,542.88,142491
2024-08-14,09:33,542.9,542.93,542.45,542.53,197224
2024-08-14,09:34,542.53,542.69,542.23,542.27,137762
2024-08-15,09:30,549.5,550.04,549.5,549.98,715366
2024-08-15,09:31,549.98,550.09,549.69,549.99,342279
2024-08-15,09:32,549.99,550.15,549.31,549.37,246489
2024-08-15,09:33,549.37,549.84,549.35,549.66,291997
2024-08-15,09:34,549.65,549.9,549.5,549.85,175606
2024-08-16,09:30,551.42,551.93,551.29,551.35,551980
2024-08-16,09:31,551.35,551.9,551.26,551.71,337161
2024-08-16,09:32,551.72,551.97,551.68,551.96,233799
2024-08-16,09:33,551.97,552.06,551.66,551.87,201923
2024-08-16,09:34,551.87,551.88,551.59,551.83,101451
2024-08-19,09:30,554.73,555.01,554.7,554.73,486392
2024-08-19,09:31,554.725,555.08,554.65,554.87,166768
2024-08-19,09:32,554.86,555.17,554.84,555.15,89053
2024-08-19,09:33,555.15,555.42,555.11,555.23,141022
2024-08-19,09:34,555.28,555.34,555.11,555.22,153775
2024-08-20,09:30,559.15,559.48,559.14,559.45,397157
2024-08-20,09:31,559.44,559.57,559.41,559.47,174315
2024-08-20,09:32,559.5,559.57,559.41,559.44,137730
2024-08-20,09:33,559.48,559.61,559.46,559.47,169751
2024-08-20,09:34,559.49,559.76,559.47,559.712,194990
2024-08-21,09:30,559.77,559.89,559.35,559.85,724310
2024-08-21,09:31,559.85,559.93,559.6,559.61,149194
2024-08-21,09:32,559.61,559.7,559.49,559.65,163424
2024-08-21,09:33,559.63,559.712,559.49,559.56,116131
2024-08-21,09:34,559.54,559.64,559.44,559.49,69258
2024-08-22,09:30,562.56,562.97,562.36,562.9501,398883
2024-08-22,09:31,562.96,563.05,562.78,562.86,181120
2024-08-22,09:32,562.9,563.0499,562.76,562.87,118707
2024-08-22,09:33,562.88,563.01,562.76,562.83,112889
2024-08-22,09:34,562.84,563.14,562.82,562.9427,157114
2024-08-23,09:30,559.53,559.6201,559.16,559.18,1072157
2024-08-23,09:31,559.16,559.21,558.85,558.93,167327
2024-08-23,09:32,558.96,559.13,558.83,558.94,93692
2024-08-23,09:33,558.96,559.04,558.84,558.93,113441
2024-08-23,09:34,558.92,559.21,558.91,559.1933,95990
2024-08-26,09:30,563.18,563.44,562.8,563.38,1089473
2024-08-26,09:31,563.38,563.46,563.0206,563.3801,157553
2024-08-26,09:32,563.38,563.73,563.3,563.67,159693
2024-08-26,09:33,563.6617,563.9,563.62,563.87,203127
2024-08-26,09:34,563.87,563.91,563.64,563.74,227210
2024-08-27,09:30,559.49,559.61,559.23,559.255,333936
2024-08-27,09:31,559.26,559.48,559.14,559.255,110288
2024-08-27,09:32,559.23,559.28,558.96,559.1599,98712
2024-08-27,09:33,559.14,559.42,558.795,559.41,151404
2024-08-27,09:34,559.41,559.5,559.2,559.23,119529
2024-08-28,09:30,561.21,561.65,561.05,561.56,240373
2024-08-28,09:31,561.55,561.6393,561.39,561.56,81854
2024-08-28,09:32,561.57,561.63,561.31,561.35,41647
2024-08-28,09:33,561.36,561.46,561.23,561.329,80790
2024-08-28,09:34,561.31,561.32,561.08,561.09,71002
2024-08-29,09:30,560.31,560.45,559.77,559.78,872181
2024-08-29,09:31,559.78,560.3,559.73,560.14,222278
2024-08-29,09:32,560.12,560.54,559.9603,560.3,178729
2024-08-29,09:33,560.3,560.6,560.23,560.47,171965
2024-08-29,09:34,560.43,560.88,560.39,560.8,211155
2024-08-30,09:30,560.77,560.95,560.45,560.82,831718
2024-08-30,09:31,560.8,561.0,560.72,560.75,137281
2024-08-30,09:32,560.74,561.3,560.73,561.05,166734
2024-08-30,09:33,561.04,561.42,560.92,561.0592,156537
2024-08-30,09:34,561.05,561.26,560.93,561.2375,122207
2024-09-03,09:30,560.47,560.72,560.42,560.57,651888
2024-09-03,09:31,560.58,560.81,560.07,560.6595,377396
2024-09-03,09:32,560.64,560.67,560.02,560.16,181356
2024-09-03,09:33,560.17,560.4,559.95,560.1299,194231
2024-09-03,09:34,560.13,560.259,559.93,560.24,131824
2024-09-04,09:30,550.2,550.44,550.03,550.27,399120
2024-09-04,09:31,550.28,550.6,550.2,550.34,204042
2024-09-04,09:32,550.32,550.62,550.32,550.5,132698
2024-09-04,09:33,550.58,550.74,550.49,550.74,120303
2024-09-04,09:34,550.74,551.41,550.67,551.39,238097
2024-09-05,09:30,550.89,551.39,550.85,551.33,493950
2024-09-05,09:31,551.32,551.55,551.05,551.05,365725
2024-09-05,09:32,551.08,551.34,551.06,551.19,135520
2024-09-05,09:33,551.19,551.48,551.13,551.21,119805
2024-09-05,09:34,551.24,551.24,550.68,550.7,308991
2024-09-06,09:30,549.94,550.96,549.84,550.82,1031024
2024-09-06,09:31,550.81,551.0593,550.4,550.88,251977
2024-09-06,09:32,550.9,550.91,550.02,550.08,236475
2024-09-06,09:33,550.11,550.84,550.03,550.57,202433
2024-09-06,09:34,550.59,551.134,550.4,551.08,195050
2024-09-09,09:30,544.65,544.74,544.06,544.47,1098509
2024-09-09,09:31,544.45,544.97,544.42,544.84,291039
2024-09-09,09:32,544.83,545.0,544.8,544.98,142342
2024-09-09,09:33,544.97,545.16,544.805,544.9,293942
2024-09-09,09:34,544.9,545.04,544.78,545.01,131089
2024-09-10,09:30,548.36,548.47,548.18,548.38,636816
2024-09-10,09:31,548.4,548.47,548.36,548.415,162595
2024-09-10,09:32,548.42,548.66,548.4125,548.62,215347
2024-09-10,09:33,548.63,548.64,548.17,548.215,170863
2024-09-10,09:34,548.2,548.36,547.96,548.14,254979
2024-09-11,09:30,548.7,548.76,547.5575,547.72,555733
2024-09-11,09:31,547.72,548.33,547.62,548.01,143314
2024-09-11,09:32,547.99,548.03,547.54,547.73,130964
2024-09-11,09:33,547.74,548.1,547.5,547.57,153902
2024-09-11,09:34,547.58,547.58,546.62,546.62,177586
2024-09-12,09:30,555.01,555.13,554.49,554.54,494978
2024-09-12,09:31,554.54,555.0,554.5,554.86,194900
2024-09-12,09:32,554.88,555.12,554.59,554.7014,224300
2024-09-12,09:33,554.72,555.03,554.61,554.96,189365
2024-09-12,09:34,554.99,555.15,554.7501,554.85,199795
2024-09-13,09:30,559.71,559.79,559.45,559.67,432328
2024-09-13,09:31,559.56,559.89,559.55,559.68,484946
2024-09-13,09:32,559.69,560.24,559.69,560.0413,224061
2024-09-13,09:33,560.05,560.2892,560.01,560.26,116931
2024-09-13,09:34,560.28,560.36,560.19,560.3101,189739
2024-09-16,09:30,561.74,562.08,561.648,561.77,518569
2024-09-16,09:31,561.78,562.135,561.74,561.93,269553
2024-09-16,09:32,561.91,562.065,561.78,561.9599,91883
2024-09-16,09:33,561.95,562.0,561.3,561.32,147273
2024-09-16,09:34,561.32,561.39,561.13,561.14,211085
2024-09-17,09:30,565.1,565.21,564.71,565.11,498212
2024-09-17,09:31,565.1,565.39,565.07,565.16,168679
2024-09-17,09:32,565.18,565.5,565.13,565.445,159244
2024-09-17,09:33,565.46,565.57,565.08,565.17,148285
2024-09-17,09:34,565.16,565.16,564.7,564.765,165187
2024-09-18,09:30,563.74,563.93,563.17,563.18,294430
2024-09-18,09:31,563.19,563.19,562.84,562.92,144472
2024-09-18,09:32,562.939,563.15,562.8501,562.92,90606
2024-09-18,09:33,562.91,563.12,562.75,563.02,256180
2024-09-18,09:34,563.01,563.07,562.7,562.77,112664
2024-09-19,09:30,571.01,571.09,570.56,570.64,795093
2024-09-19,09:31,570.62,570.66,570.31,570.44,277012
2024-09-19,09:32,570.43,570.55,570.31,570.37,271502
2024-09-19,09:33,570.365,570.43,570.15,570.21,313152
2024-09-19,09:34,570.2,570.27,570.02,570.03,230631
2024-09-20,09:30,567.84,568.23,567.81,567.83,730425
2024-09-20,09:31,567.83,567.87,567.62,567.825,229918
2024-09-20,09:32,567.88,568.03,567.66,567.75,232327
2024-09-20,09:33,567.74,567.9348,567.6,567.89,198569
2024-09-20,09:34,567.88,568.1695,567.815,567.99,289919
2024-09-23,09:30,569.34,569.39,568.9,569.09,640734
2024-09-23,09:31,569.09,569.1,568.76,568.81,102446
2024-09-23,09:32,568.79,568.79,568.57,568.62,209616
2024-09-23,09:33,568.62,569.4,568.53,569.4,321480
2024-09-23,09:34,569.4,569.42,568.9,568.91,254823
2024-09-24,09:30,570.48,570.55,570.015,570.05,727419
2024-09-24,09:31,570.045,570.1,569.905,569.95,272236
2024-09-24,09:32,569.94,570.2,569.901,570.18,197285
2024-09-24,09:33,570.19,570.2,569.93,569.94,114389
2024-09-24,09:34,569.96,570.11,569.84,570.11,53518
2024-09-25,09:30,571.14,571.78,571.13,571.78,368736
2024-09-25,09:31,571.78,571.8281,571.49,571.56,271302
2024-09-25,09:32,571.55,571.71,571.45,571.6909,219044
2024-09-25,09:33,571.67,571.78,571.62,571.74,98558
2024-09-25,09:34,571.74,571.82,571.55,571.55,102820
2024-09-26,09:30,574.38,574.71,573.84,573.85,915937
2024-09-26,09:31,573.85,574.1,573.84,574.02,220993
2024-09-26,09:32,574.0,574.05,573.66,573.69,195415
2024-09-26,09:33,573.7,573.88,573.6995,573.715,188929
2024-09-26,09:34,573.72,573.77,573.52,573.57,145986
2024-09-27,09:30,573.39,573.53,573.11,573.27,569218
2024-09-27,09:31,573.27,573.56,573.23,573.3319,278996
2024-09-27,09:32,573.33,573.3699,573.06,573.27,151337
2024-09-27,09:33,573.24,573.46,573.14,573.43,142138
2024-09-27,09:34,573.39,573.53,573.23,573.39,121971
2024-09-30,09:30,570.42,570.67,570.4,570.54,361249
2024-09-30,09:31,570.56,570.9275,570.51,570.91,125342
2024-09-30,09:32,570.935,571.04,570.8,570.88,173377
2024-09-30,09:33,570.88,571.2201,570.85,571.04,112912
2024-09-30,09:34,571.04,571.17,570.9,571.11,150930
2024-10-01,09:30,573.4,573.46,572.84,572.925,415744
2024-10-01,09:31,572.92,572.97,572.45,572.54,315119
2024-10-01,09:32,572.55,572.56,571.49,571.68,293972
2024-10-01,09:33,571.69,572.15,571.22,571.22,409376
2024-10-01,09:34,571.24,571.33,570.8,571.06,419427
2024-10-02,09:30,567.71,567.76,566.98,567.03,396572
2024-10-02,09:31,566.98,567.04,566.5,566.99,241067
2024-10-02,09:32,566.98,567.2,566.81,566.99,120984
2024-10-02,09:33,566.97,566.97,566.63,566.76,145763
2024-10-02,09:34,566.72,566.82,566.6,566.795,107307
2024-10-03,09:30,567.36,567.71,567.36,567.56,334034
2024-10-03,09:31,567.58,567.64,567.24,567.52,175838
2024-10-03,09:32,567.5,567.5,567.18,567.35,105877
2024-10-03,09:33,567.37,567.8,567.21,567.79,135565
2024-10-03,09:34,567.8,568.14,567.65,568.1103,123350
2024-10-04,09:30,572.35,572.5662,571.99,572.05,672722
2024-10-04,09:31,572.03,572.08,571.66,571.85,440302
2024-10-04,09:32,571.85,571.9287,571.68,571.79,251926
2024-10-04,09:33,571.78,572.0,571.58,571.78,181427
2024-10-04,09:34,571.7619,572.1,571.76,572.085,187098
2024-10-07,09:30,571.3,571.56,571.17,571.17,525147
2024-10-07,09:31,571.17,571.305,570.92,571.26,134537
2024-10-07,09:32,571.27,571.3199,570.75,570.88,134006
2024-10-07,09:33,570.85,571.11,570.82,571.0642,141058
2024-10-07,09:34,571.07,571.18,570.8113,571.18,110661
2024-10-08,09:30,570.42,570.5,570.11,570.23,543659
2024-10-08,09:31,570.22,570.23,570.0206,570.13,254587
2024-10-08,09:32,570.11,570.45,570.06,570.08,170923
2024-10-08,09:33,570.08,570.08,569.76,569.78,141335
2024-10-08,09:34,569.76,569.88,569.6188,569.75,207185
2024-10-09,09:30,573.16,573.2,572.74,572.75,285628
2024-10-09,09:31,572.76,572.85,572.65,572.81,78558
2024-10-09,09:32,572.82,572.9,572.72,572.88,105316
2024-10-09,09:33,572.87,572.93,572.7101,572.9,100936
2024-10-09,09:34,572.9,573.11,572.9,572.99,119080
2024-10-10,09:30,575.77,575.95,575.44,575.49,356781
2024-10-10,09:31,575.49,575.72,575.38,575.634907,173684
2024-10-10,09:32,575.67,575.92,575.56,575.81,225445
2024-10-10,09:33,575.82,575.82,575.5,575.62,158464
2024-10-10,09:34,575.64,575.8,575.52,575.75,100942
2024-10-11,09:30,576.05,576.27,575.91,576.08,293934
2024-10-11,09:31,576.05,576.7,575.99,576.61,111777
2024-10-11,09:32,576.66,576.86,576.65,576.83,385971
2024-10-11,09:33,576.84,576.95,576.655,576.91,189710
2024-10-11,09:34,576.92,577.19,576.86,576.97,218624
2024-10-14,09:30,581.22,581.27,580.73,581.01,797921
2024-10-14,09:31,581.02,581.115,580.88,580.8865,175217
2024-10-14,09:32,580.895,581.31,580.87,581.29,148573
2024-10-14,09:33,581.29,581.6,581.27,581.56,138476
2024-10-14,09:34,581.57,581.81,581.525,581.79,170725
2024-10-15,09:30,584.59,584.9,584.53,584.5995,480216
2024-10-15,09:31,584.6,584.74,584.53,584.64,187582
2024-10-15,09:32,584.61,584.8,584.56,584.71,188117
2024-10-15,09:33,584.7283,584.74,584.44,584.51,142738
2024-10-15,09:34,584.52,584.84,584.48,584.7198,121862
2024-10-16,09:30,579.78,579.96,579.64,579.695,362197
2024-10-16,09:31,579.68,579.77,579.27,579.28,163334
2024-10-16,09:32,579.27,579.6,579.19,579.22,165971
2024-10-16,09:33,579.21,579.55,579.19,579.52,153549
2024-10-16,09:34,579.51,579.6199,579.4,579.45,155516
2024-10-17,09:30,585.91,586.12,585.38,585.45,968958
2024-10-17,09:31,585.46,585.645,585.3801,585.4,211051
2024-10-17,09:32,585.38,585.61,585.31,585.4275,271665
2024-10-17,09:33,585.41,585.44,585.0201,585.04,221129
2024-10-17,09:34,585.03,585.04,584.57,584.75,325851
2024-10-18,09:30,584.07,584.22,582.99,583.47,993913
2024-10-18,09:31,583.47,583.52,583.24,583.25,133558
2024-10-18,09:32,583.22,583.34,583.062,583.062,110743
2024-10-18,09:33,583.1,583.18,582.995,583.07,109266
2024-10-18,09:34,583.07,583.07,582.595,582.62,156278
2024-10-21,09:30,583.85,584.08,583.83,584.06,333732
2024-10-21,09:31,584.06,584.19,583.98,584.07,247347
2024-10-21,09:32,584.12,584.12,583.83,584.0025,129277
2024-10-21,09:33,584.01,584.16,584.0001,584.05,50312
2024-10-21,09:34,584.07,584.095,583.89,583.91,91891
2024-10-22,09:30,581.05,581.31,580.84,580.87,486836
2024-10-22,09:31,580.89,580.93,580.38,580.51,279715
2024-10-22,09:32,580.49,580.67,580.42,580.635,127242
2024-10-22,09:33,580.65,580.89,580.62,580.83,209380
2024-10-22,09:34,580.88,580.95,580.8,580.95,139059
2024-10-23,09:30,581.26,581.7086,581.18,581.52,360188
2024-10-23,09:31,581.54,581.54,580.96,581.27,190636
2024-10-23,09:32,581.28,581.43,581.0101,581.07,138088
2024-10-23,09:33,581.02,581.375,581.02,581.36,120920
2024-10-23,09:34,581.36,581.53,581.31,581.435,98965
2024-10-24,09:30,579.98,580.06,579.3,579.5099,1012615
2024-10-24,09:31,579.48,579.6,578.97,579.1,214819
2024-10-24,09:32,579.11,579.29,578.94,579.16,217157
2024-10-24,09:33,579.12,579.28,579.02,579.1296,114077
2024-10-24,09:34,579.115,579.32,579.05,579.11,162530
2024-10-25,09:30,581.51,582.33,581.47,582.315,744644
2024-10-25,09:31,582.32,582.53,582.22,582.4,206860
2024-10-25,09:32,582.38,582.58,582.38,582.5,148024
2024-10-25,09:33,582.49,582.6,582.2238,582.31,118490
2024-10-25,09:34,582.28,582.32,582.09,582.11,154105
2024-10-28,09:30,582.58,582.71,581.77,581.8,1116693
2024-10-28,09:31,581.78,582.14,581.6807,581.87,174143
2024-10-28,09:32,581.85,582.49,581.835,582.4,165018
2024-10-28,09:33,582.405,582.53,582.21,582.36,176734
2024-10-28,09:34,582.37,582.47,582.15,582.21,153730
2024-10-29,09:30,579.85,579.96,579.44,579.46,358959
2024-10-29,09:31,579.5,579.55,579.07,579.16,149167
2024-10-29,09:32,579.16,579.3298,579.08,579.2099,102105
2024-10-29,09:33,579.18,579.21,578.73,578.8299,135449
2024-10-29,09:34,578.81,578.868,578.67,578.8,99025
2024-10-30,09:30,581.29,581.5,580.9,580.92,440536
2024-10-30,09:31,580.93,581.2842,580.81,581.2577,215196
2024-10-30,09:32,581.25,581.54,581.25,581.45,121424
2024-10-30,09:33,581.44,581.63,581.3201,581.34,112786
2024-10-30,09:34,581.35,581.42,580.95,580.95,116854
2024-10-31,09:30,575.56,575.63,575.09,575.1278,523990
2024-10-31,09:31,575.15,575.22,574.6315,574.67,450502
2024-10-31,09:32,574.67,574.68,574.36,574.6699,283485
2024-10-31,09:33,574.68,574.68,574.29,574.43,203861
2024-10-31,09:34,574.45,574.94,574.36,574.86,311703
2024-11-01,09:30,571.32,571.45,570.68,571.385,1027438
2024-11-01,09:31,571.4,571.77,571.24,571.66,200274
2024-11-01,09:32,571.63,571.82,571.55,571.7515,113529
2024-11-01,09:33,571.79,571.9099,571.6301,571.88,155891
2024-11-01,09:34,571.9,572.33,571.84,572.16,220597
2024-11-04,09:30,571.18,571.53,571.11,571.24,417826
2024-11-04,09:31,571.22,571.37,570.94,571.0,146461
2024-11-04,09:32,571.02,571.41,570.881,571.1399,207817
2024-11-04,09:33,571.135,571.14,570.7,570.715,108869
2024-11-04,09:34,570.73,570.78,570.19,570.31,159960
2024-11-05,09:30,570.74,571.12,570.52,571.05,258153
2024-11-05,09:31,571.09,571.81,571.01,571.77,197935
2024-11-05,09:32,571.77,571.94,571.54,571.84,112195
2024-11-05,09:33,571.83,572.14,571.64,572.12,122910
2024-11-05,09:34,572.12,572.18,571.8,572.0101,86915
2024-11-06,09:30,589.2,589.43,587.87,587.95,1445628
2024-11-06,09:31,587.95,588.33,587.77,588.28,770310
2024-11-06,09:32,588.27,588.77,588.18,588.2638,433906
2024-11-06,09:33,588.26,589.27,588.21,589.01,629038
2024-11-06,09:34,588.99,589.065,588.23,588.28,325583
2024-11-07,09:30,593.08,593.39,593.07,593.36,571773
2024-11-07,09:31,593.33,593.41,593.21,593.39,225484
2024-11-07,09:32,593.36,593.53,593.33,593.53,185450
2024-11-07,09:33,593.53,593.56,593.15,593.15,195104
2024-11-07,09:34,593.14,593.39,592.9999,593.3,173803
2024-11-08,09:30,596.17,596.61,596.165,596.56,500390
2024-11-08,09:31,596.56,596.59,596.39,596.53,205144
2024-11-08,09:32,596.535,596.62,596.515,596.56,101060
2024-11-08,09:33,596.57,596.81,596.54,596.785,296002
2024-11-08,09:34,596.79,596.84,596.42,596.53,153438
2024-11-11,09:30,599.81,600.12,599.81,599.98,635868
2024-11-11,09:31,600.01,600.1,599.935,600.05,165557
2024-11-11,09:32,600.04,600.125,599.81,599.85,145023
2024-11-11,09:33,599.84,600.0,599.8,599.92,129448
2024-11-11,09:34,599.92,599.98,599.49,599.535,255974
2024-11-12,09:30,598.68,598.95,598.51,598.791,454586
2024-11-12,09:31,598.79,598.84,598.37,598.4701,111776
2024-11-12,09:32,598.47,598.62,598.4,598.43,214399
2024-11-12,09:33,598.42,598.66,598.38,598.56,109740
2024-11-12,09:34,598.55,598.77,598.48,598.709,79495
2024-11-13,09:30,597.37,597.52,597.3,597.46,324880
2024-11-13,09:31,597.45,597.49,597.21,597.23,90278
2024-11-13,09:32,597.22,597.5275,597.12,597.4,164353
2024-11-13,09:33,597.43,597.52,597.31,597.4399,95861
2024-11-13,09:34,597.475,597.61,597.405,597.57,226505
2024-11-14,09:30,597.32,597.81,597.295,597.62,466980
2024-11-14,09:31,597.63,597.73,597.45,597.47,113013
2024-11-14,09:32,597.43,597.55,597.27,597.34,96755
2024-11-14,09:33,597.34,597.56,597.3,597.36,72867
2024-11-14,09:34,597.36,597.75,597.33,597.62,91153
2024-11-15,09:30,589.72,589.97,589.54,589.835,699684
2024-11-15,09:31,589.88,590.2,589.85,589.9999,273918
2024-11-15,09:32,589.97,590.14,589.64,589.72,331852
2024-11-15,09:33,589.73,589.85,589.41,589.5901,276291
2024-11-15,09:34,589.61,589.61,589.22,589.22,169198
2024-11-18,09:30,586.22,586.24,585.76,585.76,394868
2024-11-18,09:31,585.78,585.78,585.46,585.585,135670
2024-11-18,09:32,585.605,585.64,585.44,585.4452,104935
2024-11-18,09:33,585.44,585.6599,585.34,585.5115,133094
2024-11-18,09:34,585.51,585.65,585.44,585.54,104455
2024-11-19,09:30,584.71,585.11,584.55,584.82,405573
2024-11-19,09:31,584.84,585.28,584.61,585.265,167936
2024-11-19,09:32,585.27,585.29,584.91,584.96,182267
2024-11-19,09:33,584.95,585.15,584.76,584.8063,140563
2024-11-19,09:34,584.83,585.0462,584.77,585.04,127655
2024-11-20,09:30,590.38,590.53,590.0401,590.19,603259
2024-11-20,09:31,590.21,590.5,590.04,590.39,178480
2024-11-20,09:32,590.41,590.48,590.18,590.18,94007
2024-11-20,09:33,590.18,590.26,589.8,589.945,164955
2024-11-20,09:34,589.94,590.16,589.86,589.88,203190
2024-11-21,09:30,593.4,593.45,592.72,592.76,398366
2024-11-21,09:31,592.74,593.48,592.655,593.41,188438
2024-11-21,09:32,593.42,593.57,592.682,592.682,163309
2024-11-21,09:33,592.7,592.77,592.39,592.53,196718
2024-11-21,09:34,592.52,592.55,591.385,591.65,189299
2024-11-22,09:30,593.66,594.38,593.6,594.0399,617554
2024-11-22,09:31,594.04,594.04,593.57,593.575,143169
2024-11-22,09:32,593.63,594.41,593.63,594.19,129328
2024-11-22,09:33,594.21,594.41,594.11,594.39,97523
2024-11-22,09:34,594.39,594.51,594.25,594.51,229945
2024-11-25,09:30,599.52,599.64,598.95,599.0,923640
2024-11-25,09:31,599.0,599.136586,598.8,599.1,374865
2024-11-25,09:32,599.14,599.76,599.0283,599.69,274253
2024-11-25,09:33,599.665,599.94,599.65,599.9,189964
2024-11-25,09:34,599.89,600.15,599.88,600.07,332935
2024-11-26,09:30,598.8,599.05,598.6,598.93,889348
2024-11-26,09:31,598.94,599.29,598.89,599.2,192505
2024-11-26,09:32,599.19,599.36,599.0,599.35,195978
2024-11-26,09:33,599.3415,599.41,599.07,599.13,204937
2024-11-26,09:34,599.13,599.34,599.13,599.3,114516
2024-11-27,09:30,600.46,600.62,600.06,600.09,321609
2024-11-27,09:31,600.09,600.19,599.94,600.13,135806
2024-11-27,09:32,600.13,600.29,600.03,600.29,95601
2024-11-27,09:33,600.28,600.85,600.27,600.82,252861
2024-11-27,09:34,600.82,600.82,600.5501,600.63,150482
2024-11-29,09:30,599.66,599.72,599.3805,599.46,376250
2024-11-29,09:31,599.46,599.94,599.405,599.74,146573
2024-11-29,09:32,599.72,600.0,599.68,599.97,101009
2024-11-29,09:33,599.94,600.1,599.84,599.855,110615
2024-11-29,09:34,599.83,599.94,599.79,599.92,93472
2024-12-02,09:30,602.97,603.45,602.82,603.44,807976
2024-12-02,09:31,603.43,603.48,603.22,603.2808,354944
2024-12-02,09:32,603.25,603.49,603.2018,603.38,121323
2024-12-02,09:33,603.38,603.55,603.25,603.49,264632
2024-12-02,09:34,603.52,603.6799,603.4158,603.425,130976
2024-12-03,09:30,603.39,603.72,603.31,603.31,381821
2024-12-03,09:31,603.32,603.35,603.16,603.3099,106341
2024-12-03,09:32,603.32,603.51,603.26,603.43,106034
2024-12-03,09:33,603.45,603.57,603.27,603.55,75351
2024-12-03,09:34,603.54,603.69,603.52,603.54,115106
2024-12-04,09:30,605.63,605.8,605.51,605.67,600278
2024-12-04,09:31,605.66,605.73,605.55,605.65,192396
2024-12-04,09:32,605.65,605.955,605.65,605.9,165984
2024-12-04,09:33,605.92,605.98,605.82,605.92,135187
2024-12-04,09:34,605.91,606.05,605.75,605.78,148536
2024-12-05,09:30,607.66,607.84,607.58,607.81,375479
2024-12-05,09:31,607.8,607.85,607.71,607.75,114564
2024-12-05,09:32,607.76,607.81,607.611,607.7,68596
2024-12-05,09:33,607.7,607.78,607.62,607.7717,62615
2024-12-05,09:34,607.78,607.8,607.715,607.755,83357
2024-12-06,09:30,607.44,607.87,607.34,607.67,642493
2024-12-06,09:31,607.67,607.81,607.625,607.8,95133
2024-12-06,09:32,607.81,608.06,607.78,608.03,123923
2024-12-06,09:33,608.03,608.24,608.03,608.2012,158109
2024-12-06,09:34,608.22,608.3,608.16,608.1802,72449
2024-12-09,09:30,607.69,607.82,607.28,607.344,435108
2024-12-09,09:31,607.32,607.7,607.315,607.68,116722
2024-12-09,09:32,607.66,607.83,607.63,607.82,129801
2024-12-09,09:33,607.82,607.86,607.5,607.54,147674
2024-12-09,09:34,607.55,607.575,607.36,607.4125,65528
2024-12-10,09:30,605.37,605.4,604.8,604.82,283323
2024-12-10,09:31,604.79,604.855,604.7,604.84,93552
2024-12-10,09:32,604.85,605.01,604.68,604.69,75934
2024-12-10,09:33,604.68,604.69,604.4304,604.4493,108215
2024-12-10,09:34,604.44,604.469,604.315,604.34,137174
2024-12-11,09:30,605.78,605.78,605.5,605.5,356990
2024-12-11,09:31,605.5,605.85,605.5,605.81,106113
2024-12-11,09:32,605.825,605.93,605.78,605.93,128564
2024-12-11,09:33,605.93,606.0,605.79,605.88,198668
2024-12-11,09:34,605.89,606.03,605.87,605.97,86263
2024-12-12,09:30,606.58,606.64,606.37,606.54,383090
2024-12-12,09:31,606.54,606.5886,606.17,606.19,93476
2024-12-12,09:32,606.2,606.2899,606.01,606.02,86217
2024-12-12,09:33,606.02,606.0776,605.92,605.97,95674
2024-12-12,09:34,605.97,606.06,605.9,606.0,145878
2024-12-13,09:30,606.4,606.46,606.01,606.3301,355528
2024-12-13,09:31,606.345,606.4,606.03,606.05,173479
2024-12-13,09:32,606.02,606.2,606.02,606.14,80653
2024-12-13,09:33,606.15,606.35,606.14,606.3402,120189
2024-12-13,09:34,606.36,606.5,606.3,606.43,206004
2024-12-16,09:30,606.0,606.4,605.89,606.005,611553
2024-12-16,09:31,605.99,606.305,605.94,606.01,132785
2024-12-16,09:32,606.02,606.05,605.79,605.86,202285
2024-12-16,09:33,605.86,606.03,605.777,605.79,77374
2024-12-16,09:34,605.79,606.11,605.78,605.89,135790
2024-12-17,09:30,604.19,604.25,603.81,603.87,529438
2024-12-17,09:31,603.87,603.97,603.6004,603.95,225511
2024-12-17,09:32,603.945,604.29,603.775,604.21,195426
2024-12-17,09:33,604.24,604.24,603.98,604.05,126502
2024-12-17,09:34,604.07,604.23,603.96,604.04,172437
2024-12-18,09:30,603.98,604.12,603.75,604.01,469474
2024-12-18,09:31,604.02,604.11,603.81,603.96,101093
2024-12-18,09:32,603.935,604.15,603.89,603.91,74580
2024-12-18,09:33,603.92,604.0959,603.9,604.01,81831
2024-12-18,09:34,604.03,604.03,603.67,603.78,74062
2024-12-19,09:30,591.36,591.6,590.6,591.53,1102160
2024-12-19,09:31,591.51,592.13,591.48,592.08,389707
2024-12-19,09:32,592.07,592.26,591.73,591.73,355347
2024-12-19,09:33,591.74,592.54,591.71,592.54,340924
2024-12-19,09:34,592.53,592.87,592.4002,592.76,313395
2024-12-20,09:30,581.77,581.86,581.15,581.39,954835
2024-12-20,09:31,581.36,582.23,581.335,582.2199,360603
2024-12-20,09:32,582.2,582.27,581.35,581.8,1922334
2024-12-20,09:33,581.83,582.26,581.65,582.03,270946
2024-12-20,09:34,582.03,582.6,581.85,582.32,264303
2024-12-23,09:30,590.89,591.77,590.71,591.72,456364
2024-12-23,09:31,591.72,591.77,591.07,591.62,239217
2024-12-23,09:32,591.61,591.76,591.35,591.69,181668
2024-12-23,09:33,591.7,591.77,591.49,591.62,196326
2024-12-23,09:34,591.61,591.64,591.23,591.23,140677
2024-12-24,09:30,596.06,596.12,595.56,595.65,438038
2024-12-24,09:31,595.6,595.69,595.47,595.62,145472
2024-12-24,09:32,595.63,595.94,595.56,595.94,70126
2024-12-24,09:33,595.95,596.11,595.71,595.8601,115460
2024-12-24,09:34,595.89,596.21,595.89,596.13,81858
2024-12-26,09:30,599.5,599.93,599.41,599.88,362667
2024-12-26,09:31,599.875,599.99,599.5199,599.89,118658
2024-12-26,09:32,599.96,600.1763,599.72,599.7895,154041
2024-12-26,09:33,599.78,599.96,599.52,599.76,166364
2024-12-26,09:34,599.76,599.98,599.75,599.91,122442
2024-12-27,09:30,597.54,597.75,597.25,597.57,488229
2024-12-27,09:31,597.545,597.7761,597.35,597.44,256490
2024-12-27,09:32,597.45,597.5,597.26,597.5,215454
2024-12-27,09:33,597.49,597.55,597.0501,597.49,105220
2024-12-27,09:34,597.53,597.54,597.02,597.07,180044
2024-12-30,09:30,587.89,588.01,587.31,587.41,537479
2024-12-30,09:31,587.39,587.62,587.03,587.23,284149
2024-12-30,09:32,587.22,587.76,587.155,587.29,167434
2024-12-30,09:33,587.31,587.38,586.48,586.69,241891
2024-12-30,09:34,586.69,587.04,586.53,587.0,126041
2024-12-31,09:30,589.905,590.27,589.45,590.24,460048
2024-12-31,09:31,590.27,590.3,589.9,589.9,146976
2024-12-31,09:32,589.92,590.25,589.66,589.66,147449
2024-12-31,09:33,589.67,590.58,589.67,590.56,107700
2024-12-31,09:34,590.54,590.58,590.01,590.01,170599
2025-01-02,09:30,589.39,589.45,588.46,589.45,1286903
2025-01-02,09:31,589.45,589.6,589.04,589.57,175662
2025-01-02,09:32,589.49,589.65,589.0319,589.09,125032
2025-01-02,09:33,589.09,589.18,587.98,588.01,132101
2025-01-02,09:34,587.99,588.52,587.81,587.83,145261
2025-01-03,09:30,587.53,587.8,586.91,587.76,962987
2025-01-03,09:31,587.76,588.16,587.72,587.96,266542
2025-01-03,09:32,587.97,588.39,587.95,588.3795,140517
2025-01-03,09:33,588.39,588.62,588.32,588.47,202771
2025-01-03,09:34,588.45,588.47,588.0,588.069,156105
2025-01-06,09:30,596.27,596.611,595.9,596.47,815514
2025-01-06,09:31,596.47,596.785,596.14,596.15,307409
2025-01-06,09:32,596.14,596.93,596.12,596.39,217561
2025-01-06,09:33,596.35,596.96,596.295,596.81,152912
2025-01-06,09:34,596.81,597.21,596.69,596.84,167650
2025-01-07,09:30,597.42,597.69,597.31,597.6,365493
2025-01-07,09:31,597.58,597.75,597.48,597.52,108728
2025-01-07,09:32,597.54,597.73,597.4,597.5,77298
2025-01-07,09:33,597.5,597.59,597.2,597.2,78286
2025-01-07,09:34,597.2,597.34,596.92,596.98,145607
2025-01-08,09:30,588.7,588.77,587.91,587.98,495795
2025-01-08,09:31,587.97,588.3,587.67,588.22,219302
2025-01-08,09:32,588.24,588.28,587.6733,587.83,90720
2025-01-08,09:33,587.79,588.02,587.63,587.73,118871
2025-01-08,09:34,587.72,588.31,587.44,588.235,159059
2025-01-10,09:30,585.88,585.95,584.89,585.04,634803
2025-01-10,09:31,585.07,585.11,584.1,584.43,348156
2025-01-10,09:32,584.415,584.94,584.27,584.5256,220981
2025-01-10,09:33,584.54,585.55,584.44,585.54,195269
2025-01-10,09:34,585.54,585.74,584.93,585.18,223702
2025-01-13,09:30,575.77,576.03,575.61,575.885,849597
2025-01-13,09:31,575.91,576.12,575.5,575.6999,310304
2025-01-13,09:32,575.68,576.17,575.68,575.92,171302
2025-01-13,09:33,575.94,576.25,575.6524,576.15,221178
2025-01-13,09:34,576.15,576.48,576.01,576.45,181732
2025-01-14,09:30,584.36,584.56,583.7,583.81,676934
2025-01-14,09:31,583.8,583.9751,583.39,583.42,167932
2025-01-14,09:32,583.41,583.81,583.34,583.34,185772
2025-01-14,09:33,583.31,583.81,583.3,583.81,182307
2025-01-14,09:34,583.78,584.3,583.78,583.96,210489
2025-01-15,09:30,590.325,590.69,589.58,590.03,1566731
2025-01-15,09:31,590.02,590.57,589.76,590.4832,298965
2025-01-15,09:32,590.49,590.94,590.47,590.82,219955
2025-01-15,09:33,590.85,590.94,590.61,590.7801,232012
2025-01-15,09:34,590.81,590.94,590.45,590.68,186119
2025-01-16,09:30,594.175,594.3,593.67,593.67,597257
2025-01-16,09:31,593.7,593.95,593.39,593.39,403077
2025-01-16,09:32,593.38,594.0,593.36,593.525,230275
2025-01-16,09:33,593.52,593.65,593.36,593.39,70347
2025-01-16,09:34,593.39,593.67,593.39,593.67,89971
2025-01-17,09:30,596.96,597.3,596.48,596.63,1194904
2025-01-17,09:31,596.61,596.83,596.25,596.62,780317
2025-01-17,09:32,596.6,596.88,596.58,596.82,218290
2025-01-17,09:33,596.82,596.89,596.24,596.37,241785
2025-01-17,09:34,596.35,596.47,596.06,596.305,211482
2025-01-21,09:30,600.67,600.95,600.54,600.68,681068
2025-01-21,09:31,600.69,600.85,600.47,600.4801,186977
2025-01-21,09:32,600.51,600.77,600.38,600.69,186382
2025-01-21,09:33,600.73,600.94,600.68,600.875,172443
2025-01-21,09:34,600.88,601.13,600.78,600.8301,153093
2025-01-22,09:30,605.92,606.0798,605.36,605.52,999320
2025-01-22,09:31,605.53,605.905,605.49,605.89,226490
2025-01-22,09:32,605.89,605.99,605.78,605.84,173976
2025-01-22,09:33,605.845,605.88,605.54,605.55,183830
2025-01-22,09:34,605.55,605.8073,605.4801,605.7995,108865
2025-01-23,09:30,605.8,605.85,605.66,605.695,385095
2025-01-23,09:31,605.69,605.915,605.67,605.69,174266
2025-01-23,09:32,605.6999,605.74,605.54,605.61,119011
2025-01-23,09:33,605.61,605.67,605.52,605.67,98548
2025-01-23,09:34,605.67,605.92,605.59,605.9,75503
2025-01-24,09:30,609.81,610.14,609.65,609.94,462479
2025-01-24,09:31,609.96,610.06,609.925,609.96,110939
2025-01-24,09:32,609.95,609.9695,609.83,609.89,125731
2025-01-24,09:33,609.9,609.99,609.83,609.932,78055
2025-01-24,09:34,609.94,610.0,609.84,609.85,56401
2025-01-27,09:30,594.81,596.4993,594.64,596.495,1547851
2025-01-27,09:31,596.495,597.53,596.39,597.41,684073
2025-01-27,09:32,597.4,597.65,597.25,597.4,414592
2025-01-27,09:33,597.4,597.88,597.14,597.61,850398
2025-01-27,09:34,597.61,597.7,597.18,597.38,664221
2025-01-28,09:30,600.62,600.78,600.12,600.39,1083703
2025-01-28,09:31,600.36,600.74,599.4,599.61,218975
2025-01-28,09:32,599.6,599.7,599.3862,599.57,141277
2025-01-28,09:33,599.59,599.85,599.5,599.83,109806
2025-01-28,09:34,599.84,600.03,599.5,599.59,134831
2025-01-29,09:30,603.72,603.99,603.58,603.58,345894
2025-01-29,09:31,603.61,603.61,603.38,603.52,98646
2025-01-29,09:32,603.51,603.59,603.15,603.1849,66858
2025-01-29,09:33,603.22,603.5,603.07,603.48,137796
2025-01-29,09:34,603.46,603.6499,603.2,603.25,64908
2025-01-30,09:30,603.96,604.22,603.95,604.03,351281
2025-01-30,09:31,604.015,604.3,603.93,604.185,151379
2025-01-30,09:32,604.2,604.29,603.98,604.23,79934
2025-01-30,09:33,604.24,604.24,603.87,603.965,137779
2025-01-30,09:34,603.94,603.94,603.6913,603.72,147660
2025-01-31,09:30,607.5,607.86,607.42,607.5555,776174
2025-01-31,09:31,607.58,607.78,607.34,607.77,229184
2025-01-31,09:32,607.74,607.88,607.48,607.51,135716
2025-01-31,09:33,607.53,607.65,607.31,607.37,173127
2025-01-31,09:34,607.4,607.49,607.18,607.39,124945
2025-02-03,09:30,592.67,592.92,591.905,592.9,1558889
2025-02-03,09:31,592.9,593.35,592.75,593.32,660253
2025-02-03,09:32,593.34,594.08,593.34,593.905,310854
2025-02-03,09:33,593.89,594.12,593.43,593.61,271895
2025-02-03,09:34,593.61,593.86,593.17,593.5,297622
2025-02-04,09:30,597.83,597.83,597.34,597.67,511400
2025-02-04,09:31,597.68,597.77,597.28,597.39,185446
2025-02-04,09:32,597.38,597.9335,597.32,597.92,128078
2025-02-04,09:33,597.93,598.17,597.87,598.0504,158146
2025-02-04,09:34,598.08,598.1799,597.98,597.98,132714
2025-02-05,09:30,600.64,600.72,600.47,600.59,343292
2025-02-05,09:31,600.59,600.61,600.32,600.36,157455
2025-02-05,09:32,600.38,600.41,600.2,600.335,89477
2025-02-05,09:33,600.34,600.57,600.3201,600.465,114393
2025-02-05,09:34,600.47,600.66,600.37,600.42,83043
2025-02-06,09:30,605.99,606.05,605.39,605.4999,946010
2025-02-06,09:31,605.5,605.59,605.43,605.49,111105
2025-02-06,09:32,605.49,605.635,605.45,605.59,143933
2025-02-06,09:33,605.61,605.72,605.57,605.65,144436
2025-02-06,09:34,605.65,605.79,605.5531,605.6,89140
2025-02-07,09:30,606.89,606.98,606.56,606.93,587287
2025-02-07,09:31,606.97,607.22,606.895,607.21,419894
2025-02-07,09:32,607.2,607.4304,607.2,607.4304,128837
2025-02-07,09:33,607.44,607.46,607.28,607.42,129550
2025-02-07,09:34,607.45,607.47,607.16,607.195,94184
2025-02-10,09:30,604.03,604.1,603.57,603.64,450016
2025-02-10,09:31,603.63,604.06,603.605,603.99,199719
2025-02-10,09:32,604.0001,604.049,603.6,603.68,180185
2025-02-10,09:33,603.68,603.73,603.52,603.545,142979
2025-02-10,09:34,603.56,603.59,603.3901,603.465,140238
2025-02-11,09:30,602.55,602.955,602.43,602.95,367896
2025-02-11,09:31,602.95,602.98,602.57,602.9,104420
2025-02-11,09:32,602.92,603.0,602.81,602.89,72024
2025-02-11,09:33,602.93,603.075,602.93,603.04,124643
2025-02-11,09:34,603.07,603.41,603.03,603.28,169805
2025-02-12,09:30,599.2,599.52,598.8,598.81,628424
2025-02-12,09:31,598.83,598.8499,598.51,598.69,2370623
2025-02-12,09:32,598.68,599.41,598.64,599.37,245035
2025-02-12,09:33,599.38,599.4288,599.12,599.34,179930
2025-02-12,09:34,599.39,599.7,599.35,599.64,429823
2025-02-13,09:30,604.48,604.6,604.22,604.58,351277
2025-02-13,09:31,604.57,605.0543,604.57,604.79,138170
2025-02-13,09:32,604.8,604.98,604.67,604.825,133942
2025-02-13,09:33,604.79,604.89,604.63,604.85,92270
2025-02-13,09:34,604.85,604.85,604.4,604.555,91750
2025-02-14,09:30,609.94,610.27,609.81,610.25,355327
2025-02-14,09:31,610.25,610.37,609.87,610.0,152473
2025-02-14,09:32,610.01,610.19,609.99,610.02,55217
2025-02-14,09:33,610.03,610.23,610.01,610.01,94009
2025-02-14,09:34,610.02,610.11,609.94,610.11,132803
2025-02-18,09:30,610.88,611.0,610.595,610.8724,490076
2025-02-18,09:31,610.89,610.925,610.38,610.465,169395
2025-02-18,09:32,610.45,610.78,610.4,610.71,133624
2025-02-18,09:33,610.705,610.84,610.65,610.7,89974
2025-02-18,09:34,610.7,610.76,610.555,610.6597,76878
2025-02-19,09:30,610.08,610.1,609.8922,609.96,372805
2025-02-19,09:31,609.99,610.05,609.77,610.0078,111486
2025-02-19,09:32,610.0,610.0691,609.75,609.93,75539
2025-02-19,09:33,609.91,610.12,609.87,610.12,74116
2025-02-19,09:34,610.1,610.1987,610.05,610.1574,91167
2025-02-20,09:30,611.54,611.64,611.39,611.55,307960
2025-02-20,09:31,611.53,611.62,611.42,611.57,102617
2025-02-20,09:32,611.57,611.684,611.45,611.54,66392
2025-02-20,09:33,611.51,611.53,611.24,611.2493,77576
2025-02-20,09:34,611.24,611.3,611.15,611.26,133716
2025-02-21,09:30,610.16,610.3,609.635,609.6939,363159
2025-02-21,09:31,609.73,609.7863,609.5337,609.68,125031
2025-02-21,09:32,609.67,609.95,609.64,609.8601,118476
2025-02-21,09:33,609.88,609.94,609.68,609.7701,89282
2025-02-21,09:34,609.79,609.79,609.62,609.6345,69353
2025-02-24,09:30,602.02,602.18,601.77,602.14,833091
2025-02-24,09:31,602.15,602.46,602.09,602.36,147201
2025-02-24,09:32,602.42,603.03,602.37,602.8633,152520
2025-02-24,09:33,602.8255,602.85,602.17,602.23,135333
2025-02-24,09:34,602.22,602.4,602.145,602.145,103532
2025-02-25,09:30,597.15,597.37,596.94,597.17,453035
2025-02-25,09:31,597.16,597.2399,596.4899,596.57,116472
2025-02-25,09:32,596.58,597.46,596.58,597.35,175894
2025-02-25,09:33,597.36,597.87,597.34,597.71,207927
2025-02-25,09:34,597.68,597.75,597.46,597.505,249713
2025-02-26,09:30,595.93,596.12,595.15,595.15,885935
2025-02-26,09:31,595.16,595.71,595.11,595.68,185214
2025-02-26,09:32,595.67,595.71,595.1,595.22,138094
2025-02-26,09:33,595.2,595.29,595.1,595.25,240986
2025-02-26,09:34,595.27,595.42,595.16,595.245,153211
2025-02-27,09:30,596.85,597.26,596.62,597.17,554947
2025-02-27,09:31,597.16,597.16,596.6,596.76,157745
2025-02-27,09:32,596.78,597.27,596.77,597.12,122570
2025-02-27,09:33,597.13,597.28,596.8531,596.96,168738
2025-02-27,09:34,596.96,597.23,596.74,597.09,134518
2025-02-28,09:30,585.56,585.58,585.08,585.1,698935
2025-02-28,09:31,585.13,585.14,584.41,584.5,392137
2025-02-28,09:32,584.47,585.04,583.94,583.9436,393211
2025-02-28,09:33,583.91,584.18,583.59,584.01,470795
2025-02-28,09:34,584.01,584.01,583.27,583.41,669918
2025-03-03,09:30,596.18,596.18,595.62,595.871,774998
2025-03-03,09:31,595.87,596.625,595.84,596.625,207284
2025-03-03,09:32,596.62,597.0913,596.62,597.07,250412
2025-03-03,09:33,597.06,597.34,596.65,596.7,236730
2025-03-03,09:34,596.7,597.1599,596.65,596.88,207016
2025-03-04,09:30,579.71,579.82,579.14,579.44,1111162
2025-03-04,09:31,579.39,579.79,578.7,578.74,634157
2025-03-04,09:32,578.76,579.01,578.04,578.1999,404668
2025-03-04,09:33,578.1999,578.59,578.01,578.3,375279
2025-03-04,09:34,578.28,578.89,578.24,578.5599,436160
2025-03-05,09:30,576.69,577.34,576.26,577.3,741247
2025-03-05,09:31,577.31,577.57,577.0064,577.09,230906
2025-03-05,09:32,577.07,577.58,576.71,576.8358,219623
2025-03-05,09:33,576.84,577.2797,576.58,577.12,218540
2025-03-05,09:34,577.12,577.6,576.9701,577.57,217472
2025-03-06,09:30,575.48,575.75,575.13,575.5,609436
2025-03-06,09:31,575.5,575.72,574.79,574.99,247211
2025-03-06,09:32,575.03,575.25,574.5701,574.76,189967
2025-03-06,09:33,574.72,575.07,574.65,574.98,185325
2025-03-06,09:34,575.03,575.35,574.72,575.1,204660
2025-03-07,09:30,570.9,571.99,570.8,571.68,575655
2025-03-07,09:31,571.69,572.06,571.565,571.74,211137
2025-03-07,09:32,571.71,572.2,571.38,572.14,212106
2025-03-07,09:33,572.15,572.53,571.4975,572.44,208585
2025-03-07,09:34,572.45,573.0,572.24,572.7929,239828
2025-03-10,09:30,567.59,568.31,567.38,568.26,740431
2025-03-10,09:31,568.25,568.79,568.02,568.6339,322414
2025-03-10,09:32,568.65,568.65,567.4,567.62,267094
2025-03-10,09:33,567.65,567.69,566.47,566.695,356935
2025-03-10,09:34,566.7099,567.15,566.36,567.15,232988
2025-03-11,09:30,559.4,559.96,559.18,559.75,773778
2025-03-11,09:31,559.8,560.23,559.5,559.53,228465
2025-03-11,09:32,559.535,560.03,559.01,559.0504,182338
2025-03-11,09:33,559.05,559.15,558.59,559.09,242866
2025-03-11,09:34,559.115,559.35,558.53,558.97,208811
2025-03-12,09:30,562.17,562.33,561.41,562.0197,2681161
2025-03-12,09:31,562.0,562.99,561.93,562.81,317791
2025-03-12,09:32,562.81,563.1,562.6,562.78,270209
2025-03-12,09:33,562.78,563.11,562.7,562.71,331426
2025-03-12,09:34,562.73,563.05,562.2549,562.43,341555
2025-03-13,09:30,558.49,558.56,557.27,557.67,410263
2025-03-13,09:31,557.62,558.24,557.515,557.91,134904
2025-03-13,09:32,557.88,558.4296,557.88,558.08,104282
2025-03-13,09:33,558.11,558.22,557.4399,557.59,129783
2025-03-13,09:34,557.58,558.37,557.39,558.32,94301
2025-03-14,09:30,556.11,556.54,556.06,556.27,563286
2025-03-14,09:31,556.25,556.49,556.04,556.065,245571
2025-03-14,09:32,556.0601,556.305,555.82,555.86,241546
2025-03-14,09:33,555.86,556.71,555.8,556.46,542087
2025-03-14,09:34,556.43,556.895,556.3,556.6436,381655
